employer_name,employee_city,employee_state,regular_hourly_rate_parsed_counts
ABC PHONES OF NORTH CAROLINA INC.,Show Low,AZ,"{""14.35"": 1}"
ABC PHONES OF NORTH CAROLINA INC.,Covina,CA,"{""17.28"": 1}"
ABC PHONES OF NORTH CAROLINA INC.,Palmdale,CA,"{""16.9"": 1}"
ABC PHONES OF NORTH CAROLINA INC.,Stockton,CA,"{""16.0"": 1}"
ABC PHONES OF NORTH CAROLINA INC.,Conyers,GA,"{""9.5"": 1, ""10.5"": 1}"
ABC PHONES OF NORTH CAROLINA INC.,Fairburn,GA,"{""10.5"": 1}"
ABC PHONES OF NORTH CAROLINA INC.,Annapolis,MD,"{""15.0"": 1}"
ABC PHONES OF NORTH CAROLINA INC.,22177 Mississippi 547 Pattison,MS,"{""9.5"": 1}"
ABC PHONES OF NORTH CAROLINA INC.,Hamilton,MT,"{""10.3"": 1}"
ABC PHONES OF NORTH CAROLINA INC.,Beulaville,NC,"{""9.5"": 1}"
ABC PHONES OF NORTH CAROLINA INC.,Elizabeth City,NC,"{""10.5"": 1}"
ABC PHONES OF NORTH CAROLINA INC.,Siler City,NC,"{""8.5"": 1}"
ABC PHONES OF NORTH CAROLINA INC.,Crown Point,NY,"{""19.0"": 1}"
ABC PHONES OF NORTH CAROLINA INC.,Newark,NY,"{""2305.88"": 1}"
ABC PHONES OF NORTH CAROLINA INC.,Liberty Center,OH,"{""10.45"": 1}"
ABC PHONES OF NORTH CAROLINA INC.,Philadelphia,PA,"{""10.15"": 1}"
ABC PHONES OF NORTH CAROLINA INC.,Beckley,WV,"{""11.0"": 1}"
AMAZON.COM SERVICES LLC,Bessemer,AL,"{""19.1"": 1}"
AMAZON.COM SERVICES LLC,Huntsville,AL,"{""17.5"": 1}"
AMAZON.COM SERVICES LLC,Pinson,AL,"{""17.5"": 1, ""17.9"": 1}"
AMAZON.COM SERVICES LLC,Glendale Az,AZ,"{""17.4"": 1}"
AMAZON.COM SERVICES LLC,Mesa,AZ,"{""16.5"": 1}"
AMAZON.COM SERVICES LLC,Phoenix,AZ,"{""17.0"": 1, ""18.5"": 1, ""21.35"": 1}"
AMAZON.COM SERVICES LLC,Colton,CA,"{""18.75"": 1}"
AMAZON.COM SERVICES LLC,Corona,CA,"{""21.65"": 1}"
AMAZON.COM SERVICES LLC,Fontana,CA,"{""20.75"": 1}"
AMAZON.COM SERVICES LLC,Glendale,CA,"{""22.4"": 1}"
AMAZON.COM SERVICES LLC,Modesto,CA,"{""19.25"": 1}"
AMAZON.COM SERVICES LLC,Ontario,CA,"{""18.75"": 1}"
AMAZON.COM SERVICES LLC,Pinon Hills,CA,"{""23.15"": 1}"
AMAZON.COM SERVICES LLC,Colorado Springs,CO,"{""18.5"": 1}"
AMAZON.COM SERVICES LLC,Greeley,CO,"{""19.9"": 1}"
AMAZON.COM SERVICES LLC,Daytona Beach,FL,"{""17.5"": 1}"
AMAZON.COM SERVICES LLC,Jacksonville,FL,"{""17.4"": 1}"
AMAZON.COM SERVICES LLC,Camilla,GA,"{""16.5"": 1}"
AMAZON.COM SERVICES LLC,Covington,GA,"{""18.7"": 1}"
AMAZON.COM SERVICES LLC,Evans,GA,"{""20.1"": 1}"
AMAZON.COM SERVICES LLC,Hiram,GA,"{""17.8"": 1}"
AMAZON.COM SERVICES LLC,Marietta,GA,"{""21.1"": 1}"
AMAZON.COM SERVICES LLC,Mcdonough,GA,"{""30.0481"": 1}"
AMAZON.COM SERVICES LLC,Newnan,GA,"{""17.4"": 1}"
AMAZON.COM SERVICES LLC,Riverdale,GA,"{""22.1"": 1}"
AMAZON.COM SERVICES LLC,Aurora,IL,"{""20.3"": 1}"
AMAZON.COM SERVICES LLC,Chicago,IL,"{""19.5"": 1, ""20.5"": 1}"
AMAZON.COM SERVICES LLC,Joliet,IL,"{""19.5"": 1}"
AMAZON.COM SERVICES LLC,Lansing,IL,"{""19.0"": 1}"
AMAZON.COM SERVICES LLC,Rockford,IL,"{""22.4"": 1}"
AMAZON.COM SERVICES LLC,Hammond,IN,"{""19.0"": 1}"
AMAZON.COM SERVICES LLC,Huntington,IN,"{""19.9"": 1}"
AMAZON.COM SERVICES LLC,Indianapolis,IN,"{""19.25"": 2}"
AMAZON.COM SERVICES LLC,Ft. Mitchell,KY,"{""22.9"": 1}"
AMAZON.COM SERVICES LLC,Independence,KY,"{""21.3"": 1}"
AMAZON.COM SERVICES LLC,Radcliff,KY,"{""20.6"": 1, ""24.1"": 1}"
AMAZON.COM SERVICES LLC,Essex,MD,"{""42.0104"": 1}"
AMAZON.COM SERVICES LLC,Belleville,MI,"{""20.4"": 1}"
AMAZON.COM SERVICES LLC,Covert,MI,"{""20.9"": 1}"
AMAZON.COM SERVICES LLC,Farmington Hill,MI,"{""17.5"": 1}"
AMAZON.COM SERVICES LLC,Grand Rapids,MI,"{""19.05"": 1, ""20.55"": 1}"
AMAZON.COM SERVICES LLC,Kosciusko,MS,"{""18.0"": 1}"
AMAZON.COM SERVICES LLC,Burlington,NC,"{""16.5"": 1}"
AMAZON.COM SERVICES LLC,Charlotte,NC,"{""17.0"": 1, ""30.5775"": 1}"
AMAZON.COM SERVICES LLC,Fayetteville,NC,"{""17.4"": 1}"
AMAZON.COM SERVICES LLC,Willow Spring,NC,"{""19.4"": 1}"
AMAZON.COM SERVICES LLC,New Brunswick,NJ,"{""21.1"": 1}"
AMAZON.COM SERVICES LLC,South Bound Brook,NJ,"{""20.5"": 1}"
AMAZON.COM SERVICES LLC,Voorhees,NJ,"{""19.0"": 1}"
AMAZON.COM SERVICES LLC,Newburgh,NY,"{""19.5"": 1}"
AMAZON.COM SERVICES LLC,Cleveland,OH,"{""18.5"": 1}"
AMAZON.COM SERVICES LLC,Columbus,OH,"{""21.1"": 1}"
AMAZON.COM SERVICES LLC,Ravenna,OH,"{""18.7"": 1}"
AMAZON.COM SERVICES LLC,Oklahoma City,OK,"{""19.36"": 1}"
AMAZON.COM SERVICES LLC,Gresham,OR,"{""21.5"": 1, ""23.9"": 1}"
AMAZON.COM SERVICES LLC,Providence,RI,"{""20.5"": 1}"
AMAZON.COM SERVICES LLC,Columbia,SC,"{""16.5"": 1}"
AMAZON.COM SERVICES LLC,La Vergne,TN,"{""17.75"": 1}"
AMAZON.COM SERVICES LLC,Dallas,TX,"{""18.0"": 1}"
AMAZON.COM SERVICES LLC,El Paso,TX,"{""16.5"": 1}"
AMAZON.COM SERVICES LLC,Fort Worth,TX,"{""19.4"": 1}"
AMAZON.COM SERVICES LLC,Garland,TX,"{""18.5"": 1}"
AMAZON.COM SERVICES LLC,Houston,TX,"{""17.4"": 1}"
AMAZON.COM SERVICES LLC,New Braunfels,TX,"{""18.2"": 1}"
AMAZON.COM SERVICES LLC,San Antonio,TX,"{""16.5"": 1, ""18.0"": 1}"
AMAZON.COM SERVICES LLC,Henrico,VA,"{""18.0"": 1}"
AMAZON.COM SERVICES LLC,Newport News,VA,"{""17.8"": 1, ""38.5104"": 1}"
AMAZON.COM SERVICES LLC,North Chesterfield,VA,"{""20.9"": 1}"
AMAZON.COM SERVICES LLC,Richmond,VA,"{""18.0"": 1}"
AMAZON.COM SERVICES LLC,Des Moines,WA,"{""19.75"": 1}"
AMAZON.COM SERVICES LLC,Kaukauna,WI,"{""16.75"": 1}"
"AMAZON.COM SERVICES, LLC",Mesa,AZ,"{""16.5"": 1}"
"AMAZON.COM SERVICES, LLC",Barstow,CA,"{""20.25"": 1}"
"AMAZON.COM SERVICES, LLC",Sacramento,CA,"{""24.35"": 1}"
"AMAZON.COM SERVICES, LLC",Lake Wales,FL,"{""19.4"": 1}"
"AMAZON.COM SERVICES, LLC",Jonesboro,GA,"{""18.5"": 1}"
"AMAZON.COM SERVICES, LLC",Boise,"ID","{""16.0"": 1}"
"AMAZON.COM SERVICES, LLC",Lansing,IL,"{""19.9"": 1}"
"AMAZON.COM SERVICES, LLC",Markham,IL,"{""21.4"": 1}"
"AMAZON.COM SERVICES, LLC",Greenwood,IN,"{""20.25"": 1}"
"AMAZON.COM SERVICES, LLC",Baltimore,MD,"{""19.05"": 1}"
"AMAZON.COM SERVICES, LLC",Cincinnati,OH,"{""21.8"": 1}"
"AMAZON.COM SERVICES, LLC",Euclid,OH,"{""17.5"": 1}"
"AMAZON.COM SERVICES, LLC",Toledo,OH,"{""16.5"": 1}"
"AMAZON.COM SERVICES, LLC",Memphis,TN,"{""19.65"": 1}"
"AMAZON.COM SERVICES, LLC",Pittsburg,VA,"{""17.0"": 1}"
"AMAZON.COM SERVICES, LLC",Everett,WA,"{""20.75"": 1}"
AT&T MOBILITY SERVICES LLC,Calera,AL,"{""15.525"": 1}"
AT&T MOBILITY SERVICES LLC,Benton,AR,"{""26.1024"": 1}"
AT&T MOBILITY SERVICES LLC,Tucson,AZ,"{""19.125"": 1}"
AT&T MOBILITY SERVICES LLC,Fresno,CA,"{""20.975"": 1}"
AT&T MOBILITY SERVICES LLC,Monterey Park,CA,"{""20.975"": 1}"
AT&T MOBILITY SERVICES LLC,Orange,CA,"{""20.975"": 1}"
AT&T MOBILITY SERVICES LLC,Rialto,CA,"{""24.225"": 1}"
AT&T MOBILITY SERVICES LLC,Tallahassee,FL,"{""15.525"": 1}"
AT&T MOBILITY SERVICES LLC,Austell,GA,"{""17.8"": 1}"
AT&T MOBILITY SERVICES LLC,Duluth,GA,"{""17.8"": 1}"
AT&T MOBILITY SERVICES LLC,Newburgh,IN,"{""19.6125"": 1}"
AT&T MOBILITY SERVICES LLC,Alexandria,LA,"{""15.525"": 1}"
AT&T MOBILITY SERVICES LLC,New Bedford,MA,"{""20.0375"": 1}"
AT&T MOBILITY SERVICES LLC,Sedalia,MO,"{""16.7"": 1}"
AT&T MOBILITY SERVICES LLC,Tupelo,MS,"{""15.525"": 1}"
AT&T MOBILITY SERVICES LLC,Girard,OH,"{""25.6375"": 1}"
Apple Inc.,Manteca,CA,"{""22.0"": 1}"
Apple Inc.,Northridge,CA,"{""25.0"": 1}"
Apple Inc.,Sacramento,CA,"{""25.39"": 1}"
Apple Inc.,San Diego,CA,"{""24.0"": 1}"
Apple Inc.,Davie,FL,"{""23.0"": 1}"
Apple Inc.,Miami,FL,"{""23.93"": 1}"
Apple Inc.,Atlanta,GA,"{""22.0"": 1}"
Apple Inc.,Marietta,GA,"{""22.0"": 1}"
Apple Inc.,Oak Park,IL,"{""23.0"": 1}"
Apple Inc.,Saint Louis,MO,"{""29.43"": 1}"
Apple Inc.,Kearny,NJ,"{""29.02"": 1}"
Apple Inc.,Brooklyn,NY,"{""30.1"": 1}"
Apple Inc.,Queens,NY,"{""27.28"": 1}"
Apple Inc.,Collierville,TN,"{""25.82"": 1}"
Apple Inc.,Dallas,TX,"{""22.0"": 1, ""24.11"": 1}"
Apple Inc.,Fort Worth,TX,"{""26.41"": 1}"
"Aramark Campus, LLC",Tuscaloosa,AL,"{""14.25"": 1, ""15.25"": 1}"
"Aramark Campus, LLC",Quincy,FL,"{""15.0"": 1}"
"Aramark Campus, LLC",Camp Springs,MD,"{""21.55"": 1}"
"Aramark Campus, LLC",Greensboro,NC,"{""17.5"": 1}"
"Aramark Campus, LLC",Wilmington,NC,"{""15.0"": 2}"
"Aramark Campus, LLC",Cleveland,OH,"{""19.0"": 1}"
"Aramark Campus, LLC",Drexel Hill,PA,"{""25.0"": 1}"
"Aramark Campus, LLC",Conway,SC,"{""13.91"": 1}"
"Aramark Campus, LLC",Little Elm,TX,"{""16.0"": 1}"
"Aramark Campus, LLC",Dendron,VA,"{""18.0"": 1}"
"Aramark Campus, LLC",Norfolk,VA,"{""15.0"": 1, ""15.75"": 1}"
"Aramark Campus, LLC",Edmonds,WA,"{""24.75"": 1}"
"AutoZoners, LLC",North Downey,CA,"{""16.78"": 1}"
"AutoZoners, LLC",Rancho Cucamonga,CA,"{""19.5"": 1}"
"AutoZoners, LLC",Sacramento,CA,"{""20.0"": 1}"
"AutoZoners, LLC",South Los Angeles,CA,"{""17.28"": 1}"
"AutoZoners, LLC",Aurora,CO,"{""18.55"": 1}"
"AutoZoners, LLC",Seffner,FL,"{""13.25"": 1}"
"AutoZoners, LLC",Elberton,GA,"{""19.45"": 1}"
"AutoZoners, LLC",Hartwell,GA,"{""22.2"": 1}"
"AutoZoners, LLC",Rex,GA,"{""20.71"": 1}"
"AutoZoners, LLC",Riverdale,GA,"{""13.06"": 1}"
"AutoZoners, LLC",Wailuku,HI,"{""15.62"": 1}"
"AutoZoners, LLC",Arlington Heights,IL,"{""15.0"": 1}"
"AutoZoners, LLC",Bloomington,IL,"{""19.0"": 1}"
"AutoZoners, LLC",Burbank,IL,"{""18.39"": 1}"
"AutoZoners, LLC",River Grove,IL,"{""18.2"": 1}"
"AutoZoners, LLC",Independence,KY,"{""16.0"": 1}"
"AutoZoners, LLC",Haverhill,MA,"{""17.5"": 1}"
"AutoZoners, LLC",Lynn,MA,"{""16.44"": 1}"
"AutoZoners, LLC",Sedalia,MO,"{""14.15"": 1}"
"AutoZoners, LLC",St Louis,MO,"{""13.2"": 1}"
"AutoZoners, LLC",Jackson,MS,"{""12.0"": 1}"
"AutoZoners, LLC",North Plainfield,NJ,"{""21.0"": 1}"
"AutoZoners, LLC",Albuquerque,NM,"{""18.18"": 1}"
"AutoZoners, LLC",Las Vegas,NV,"{""13.35"": 1}"
"AutoZoners, LLC",Bronx,NY,"{""17.0"": 1}"
"AutoZoners, LLC",Cleveland,OH,"{""18.11"": 1}"
"AutoZoners, LLC",Columbus,OH,"{""18.25"": 1, ""22.0"": 1}"
"AutoZoners, LLC",Mansfield,OH,"{""12.25"": 1}"
"AutoZoners, LLC",Newcastle,OK,"{""17.0"": 1}"
"AutoZoners, LLC",Castle Shannon,PA,"{""16.0"": 1}"
"AutoZoners, LLC",Philadelphia,PA,"{""19.7"": 1}"
"AutoZoners, LLC",Elmwood,RI,"{""15.5"": 1}"
"AutoZoners, LLC",Mauldin,SC,"{""20.28"": 1}"
"AutoZoners, LLC",Lexington,TN,"{""18.0"": 1}"
"AutoZoners, LLC",7815 Hoffman St Houston,TX,"{""18.37"": 1}"
"AutoZoners, LLC",Beaumont,TX,"{""14.05"": 1}"
"AutoZoners, LLC",Casa View,TX,"{""12.6"": 1}"
"AutoZoners, LLC",Houston,TX,"{""15.5"": 1}"
"AutoZoners, LLC",Laredo,TX,"{""10.5"": 1}"
"AutoZoners, LLC",Naselle,WA,"{""16.5"": 1}"
"AutoZoners, LLC",Kenosha,WI,"{""21.46"": 1}"
CHILD DEVELOPMENT SCHOOLS INC,Nlr,AR,"{""12.5"": 1}"
CHILD DEVELOPMENT SCHOOLS INC,North Little Rock,AR,"{""13.0"": 1}"
CHILD DEVELOPMENT SCHOOLS INC,Glendale,AZ,"{""15.71"": 1}"
CHILD DEVELOPMENT SCHOOLS INC,Mesa,AZ,"{""15.45"": 1}"
CHILD DEVELOPMENT SCHOOLS INC,Covington,GA,"{""13.5"": 1}"
CHILD DEVELOPMENT SCHOOLS INC,Griffin,GA,"{""11.25"": 1, ""11.75"": 1}"
CHILD DEVELOPMENT SCHOOLS INC,748 Long Ave Rocky Mount,NC,"{""13.0"": 1}"
CHILD DEVELOPMENT SCHOOLS INC,Fayetteville,NC,"{""16.0"": 1}"
CHILD DEVELOPMENT SCHOOLS INC,Jacksonville,NC,"{""12.5"": 1}"
CHILD DEVELOPMENT SCHOOLS INC,Kenly,NC,"{""14.0"": 1}"
CVS Pharmacy,Glendale,AZ,"{""22.0"": 1}"
CVS Pharmacy,Riverside,CA,"{""20.0"": 1}"
CVS Pharmacy,Washington,DC,"{""18.39"": 1}"
CVS Pharmacy,South Bay,FL,"{""20.62"": 1}"
CVS Pharmacy,Summerfield,FL,"{""17.0"": 1}"
CVS Pharmacy,Jonesboro,GA,"{""16.0"": 1}"
CVS Pharmacy,Moultrie,GA,"{""15.0"": 1, ""15.13"": 1}"
CVS Pharmacy,Chicago,IL,"{""17.81"": 1}"
CVS Pharmacy,New Albany,IN,"{""19.19"": 1}"
CVS Pharmacy,Youngsville,LA,"{""15.0"": 1}"
CVS Pharmacy,Taneytown,MD,"{""19.0"": 1}"
CVS Pharmacy,Muskegon,MI,"{""16.48"": 1}"
CVS Pharmacy,Southfield,MI,"{""15.0"": 1}"
CVS Pharmacy,250 Pine Knot Lane,NC,"{""16.25"": 1}"
CVS Pharmacy,Camden,NJ,"{""19.24"": 1}"
CVS Pharmacy,Clementon,NJ,"{""16.53"": 1}"
CVS Pharmacy,Elmer,NJ,"{""18.0"": 1, ""18.63"": 1}"
CVS Pharmacy,Nutley,NJ,"{""19.39"": 1}"
CVS Pharmacy,East Patchogue,NY,"{""19.76"": 1}"
CVS Pharmacy,Allentown,PA,"{""16.0"": 1}"
CVS Pharmacy,Freeland,PA,"{""19.82"": 1}"
CVS Pharmacy,Philadelphia,PA,"{""17.5"": 1}"
CVS Pharmacy,Dallas,TX,"{""16.25"": 1, ""16.84"": 1}"
"CarMax Auto Superstores, Inc.",Altadena,CA,"{""19.97"": 1}"
"CarMax Auto Superstores, Inc.",Fremont,CA,"{""25.5"": 1}"
"CarMax Auto Superstores, Inc.",Lake Elsinore,CA,"{""22.5"": 1}"
"CarMax Auto Superstores, Inc.",Savannah,GA,"{""18.8"": 1}"
"CarMax Auto Superstores, Inc.",Des Plaines,IL,"{""22.0"": 1}"
"CarMax Auto Superstores, Inc.",Rosemont,IL,"{""21.0"": 1}"
"CarMax Auto Superstores, Inc.",Griffith,IN,"{""17.25"": 1}"
"CarMax Auto Superstores, Inc.",Baton Rouge,LA,"{""18.0"": 1}"
"CarMax Auto Superstores, Inc.",Dundalk,MD,"{""17.8"": 1}"
"CarMax Auto Superstores, Inc.",Jackson,MS,"{""16.92"": 1}"
"CarMax Auto Superstores, Inc.",Albuquerque,NM,"{""21.08"": 1}"
"CarMax Auto Superstores, Inc.",Allen,TX,"{""19.37"": 1}"
Cellco Partnership,Montgomery,AL,"{""22.574519"": 1}"
Cellco Partnership,Riverside,CA,"{""18.269231"": 1}"
Cellco Partnership,Tracy,CA,"{""20.673077"": 1}"
Cellco Partnership,Savannah,GA,"{""15.865385"": 1}"
Cellco Partnership,Scottville,MI,"{""18.817308"": 1}"
Cellco Partnership,St. Louis,MO,"{""16.586538"": 1}"
Cellco Partnership,Elmwood Park,NJ,"{""19.71158"": 1}"
Cellco Partnership,Piscataway,NJ,"{""19.711538"": 1}"
Cellco Partnership,Killeen,TX,"{""15.86538"": 1}"
Cellco Partnership,Norfolk,VA,"{""15.8653"": 1}"
Cellco Partnership,Vancouver,WA,"{""18.2692"": 1}"
"Charter Communications, LLC",San Diego,CA,"{""20.0"": 1}"
"Charter Communications, LLC",Kissimmee,FL,"{""18.01"": 1}"
"Charter Communications, LLC",Orlando,FL,"{""18.01"": 1}"
"Charter Communications, LLC",Seffner,FL,"{""18.01"": 1}"
"Charter Communications, LLC",St Petersburg,FL,"{""20.0"": 1}"
"Charter Communications, LLC",Brownsboro Farm,KY,"{""20.09"": 1}"
"Charter Communications, LLC",Louisville,KY,"{""27.51"": 1}"
"Charter Communications, LLC",Grandview,MO,"{""25.26"": 1}"
"Charter Communications, LLC",Charlotte,NC,"{""18.48"": 1, ""23.69"": 1}"
"Charter Communications, LLC",Hickory,NC,"{""18.0"": 1}"
"Charter Communications, LLC",Schenectady,NY,"{""20.29"": 1}"
"Charter Communications, LLC",Columbia,SC,"{""18.01"": 1}"
"Charter Communications, LLC",Greenville,SC,"{""18.03"": 1}"
"Charter Communications, LLC",Rock Hill,SC,"{""20.0"": 1}"
"Charter Communications, LLC",Spartanburg,SC,"{""18.03"": 1}"
"Charter Communications, LLC",Austin,TX,"{""18.01"": 2}"
"Charter Communications, LLC",Brownsville,TX,"{""18.01"": 1}"
"Charter Communications, LLC",El Paso,TX,"{""20.0"": 1, ""20.76"": 1}"
"Charter Communications, LLC",Irving,TX,"{""18.0"": 1}"
"Charter Communications, LLC",Mission,TX,"{""20.0"": 1}"
"Charter Communications, LLC",San Antonio,TX,"{""18.01"": 2}"
"Charter Communications, LLC",West Milwaukee,WI,"{""18.87"": 1}"
"Chipotle Services, LLC",1145 W Baseline Rd Tempe,AZ,"{""16.25"": 1}"
"Chipotle Services, LLC",9330 E Static Ave Mesa,AZ,"{""14.75"": 1}"
"Chipotle Services, LLC",10605 Tabor Street,CA,"{""20.0"": 1}"
"Chipotle Services, LLC",18761 Benicia St Hesperia,CA,"{""24.35"": 1}"
"Chipotle Services, LLC",3156 California St Huntington Park,CA,"{""20.25"": 1}"
"Chipotle Services, LLC",6601 S Crenshaw 9 Los Angeles,CA,"{""20.5"": 1}"
"Chipotle Services, LLC",Antioch,CA,"{""20.0"": 1}"
"Chipotle Services, LLC",4716 Arbor Drive Rolling Meadows,IL,"{""20.0"": 1}"
"Chipotle Services, LLC",7103 Eby Dr,KS,"{""20.15"": 1}"
"Chipotle Services, LLC",20482 Norwood St Detroit,MI,"{""15.25"": 1}"
"Chipotle Services, LLC",41830 Carousel Street Novi,MI,"{""16.5"": 1}"
"Chipotle Services, LLC",1105 Cherry Meadow Lane Rock Hill,SC,"{""18.0"": 1}"
"Chipotle Services, LLC",6401 Burbank Way Plano,TX,"{""14.75"": 1}"
"Chipotle Services, LLC",6630 Elks Trace Richmond,TX,"{""13.1"": 1, ""15.5"": 1}"
Coadvantage Resources Inc,13506 Magdalene Park Dr,FL,"{""19.0"": 1}"
Coadvantage Resources Inc,9540 NW 25Th St Sunrise,FL,"{""20.0"": 1}"
Coadvantage Resources Inc,Eustis,FL,"{""17.0"": 1}"
Coadvantage Resources Inc,Oakland Park,FL,"{""15.0"": 1}"
Coadvantage Resources Inc,157 Whipple Ave Hinesville,GA,"{""2.13"": 1, ""7.25"": 1}"
Coadvantage Resources Inc,240 Canyon Rd Whitesburg,GA,"{""13.0"": 1}"
Coadvantage Resources Inc,240 Forehand Ln Sylvania,GA,"{""22.0"": 1}"
Coadvantage Resources Inc,Atlanta,GA,"{""22.0"": 1}"
Coadvantage Resources Inc,Richmond Hill,GA,"{""15.0"": 1}"
Coadvantage Resources Inc,305 E Main St Hawkeye,IA,"{""16.0"": 1}"
Coadvantage Resources Inc,390 Bushwick Ave,NY,"{""19.0"": 1}"
Costco Wholesale Corporation,Siloam Springs,AR,"{""30.9"": 1, ""31.9"": 1}"
Costco Wholesale Corporation,Phoenix,AZ,"{""28.2"": 1}"
Costco Wholesale Corporation,Tucson,AZ,"{""18.5"": 1}"
Costco Wholesale Corporation,Bakersfield,CA,"{""21.5"": 1}"
Costco Wholesale Corporation,Beaumont,CA,"{""18.5"": 1}"
Costco Wholesale Corporation,Chico,CA,"{""29.2"": 1}"
Costco Wholesale Corporation,Colton,CA,"{""21.0"": 2, ""22.0"": 1}"
Costco Wholesale Corporation,Fontana,CA,"{""20.5"": 1, ""21.5"": 1}"
Costco Wholesale Corporation,Garden Grove,CA,"{""30.9"": 1}"
Costco Wholesale Corporation,Hesperia,CA,"{""22.5"": 1}"
Costco Wholesale Corporation,Indio,CA,"{""29.9"": 1}"
Costco Wholesale Corporation,Irvine,CA,"{""18.5"": 1}"
Costco Wholesale Corporation,Long Beach,CA,"{""29.9"": 1}"
Costco Wholesale Corporation,Los Angeles,CA,"{""19.5"": 1}"
Costco Wholesale Corporation,Marysville,CA,"{""20.0"": 1}"
Costco Wholesale Corporation,San Diego,CA,"{""29.9"": 1}"
Costco Wholesale Corporation,San Jose,CA,"{""21.5"": 1}"
Costco Wholesale Corporation,Temecula,CA,"{""20.5"": 1}"
Costco Wholesale Corporation,Turlock,CA,"{""29.2"": 1}"
Costco Wholesale Corporation,Aurora,CO,"{""19.5"": 1}"
Costco Wholesale Corporation,Denver,CO,"{""20.5"": 1, ""21.5"": 1}"
Costco Wholesale Corporation,Federal Heights,CO,"{""29.2"": 1}"
Costco Wholesale Corporation,Westminster,CO,"{""19.0"": 1}"
Costco Wholesale Corporation,Sarasota,FL,"{""22.0"": 1}"
Costco Wholesale Corporation,Decatur,GA,"{""22.0"": 1}"
Costco Wholesale Corporation,Berwyn,IL,"{""29.9"": 1}"
Costco Wholesale Corporation,Burbank,IL,"{""19.5"": 1}"
Costco Wholesale Corporation,Champaign,IL,"{""19.5"": 1, ""20.5"": 1}"
Costco Wholesale Corporation,Chicago,IL,"{""29.3"": 1}"
Costco Wholesale Corporation,Louisville,KY,"{""22.5"": 1}"
Costco Wholesale Corporation,Youngsville,LA,"{""18.5"": 1}"
Costco Wholesale Corporation,Jamestown,NC,"{""32.4"": 1}"
Costco Wholesale Corporation,Woodland Park,NJ,"{""29.2"": 1}"
Costco Wholesale Corporation,Henderson,NV,"{""20.5"": 1}"
Costco Wholesale Corporation,Island Park,NY,"{""26.5"": 1}"
Costco Wholesale Corporation,Rochester,NY,"{""22.0"": 1}"
Costco Wholesale Corporation,Uniondale,NY,"{""22.5"": 1}"
Costco Wholesale Corporation,Massillon,OH,"{""19.5"": 1}"
Costco Wholesale Corporation,Oklahoma City,OK,"{""23.0"": 1}"
Costco Wholesale Corporation,Tigard,OR,"{""34.9"": 1}"
Costco Wholesale Corporation,Magnolia,TX,"{""23.5"": 1, ""24.5"": 1}"
Costco Wholesale Corporation,Rhome,TX,"{""18.5"": 1}"
Costco Wholesale Corporation,East Wenatchee,WA,"{""29.2"": 1, ""30.9"": 1}"
Costco Wholesale Corporation,Kennewick,WA,"{""23.0"": 1}"
Costco Wholesale Corporation,Shoreline,WA,"{""18.5"": 1}"
"DOLGENCORP, LLC",Monroeville,AL,"{""9.5"": 1}"
"DOLGENCORP, LLC",Americus,GA,"{""51694.0"": 1}"
"DOLGENCORP, LLC",Gladwin,MI,"{""16.5"": 1}"
"DOLGENCORP, LLC",Burnsville,MS,"{""16.5"": 1}"
"DOLGENCORP, LLC",Charlotte,NC,"{""15.0"": 1}"
"DOLGENCORP, LLC",Mooresboro,NC,"{""14.0"": 1}"
"DOLGENCORP, LLC",Erie,PA,"{""16.75"": 1}"
FEDEX OFFICE & PRINT SERVICES INC,Mabelvale,AR,"{""16.5"": 1}"
FEDEX OFFICE & PRINT SERVICES INC,San Francisco,CA,"{""22.0"": 1}"
FEDEX OFFICE & PRINT SERVICES INC,Aurora,CO,"{""19.89"": 1}"
FEDEX OFFICE & PRINT SERVICES INC,Washington DC,DC,"{""18.5"": 1}"
FEDEX OFFICE & PRINT SERVICES INC,Boynton Beach,FL,"{""16.48"": 1}"
FEDEX OFFICE & PRINT SERVICES INC,Miami,FL,"{""16.48"": 1, ""17.0"": 1, ""24.16"": 1}"
FEDEX OFFICE & PRINT SERVICES INC,Naples,FL,"{""18.29"": 1}"
FEDEX OFFICE & PRINT SERVICES INC,Plantation,FL,"{""32.21"": 1}"
FEDEX OFFICE & PRINT SERVICES INC,Buford,GA,"{""20.0"": 1}"
FEDEX OFFICE & PRINT SERVICES INC,Chicago,IL,"{""19.0"": 1, ""19.5"": 1}"
FEDEX OFFICE & PRINT SERVICES INC,Matteson,IL,"{""16.5"": 1}"
FEDEX OFFICE & PRINT SERVICES INC,Mishawaka,IN,"{""15.97"": 1}"
FEDEX OFFICE & PRINT SERVICES INC,Parkville,MD,"{""22.88"": 1}"
FEDEX OFFICE & PRINT SERVICES INC,Silver Spring,MD,"{""19.57"": 1}"
FEDEX OFFICE & PRINT SERVICES INC,Grand Ledge,MI,"{""17.0"": 1}"
FEDEX OFFICE & PRINT SERVICES INC,Lansing,MI,"{""17.51"": 1}"
FEDEX OFFICE & PRINT SERVICES INC,Westland,MI,"{""18.25"": 1}"
FEDEX OFFICE & PRINT SERVICES INC,Adrian,MI,"{""22.5"": 1}"
FEDEX OFFICE & PRINT SERVICES INC,Plainfield,NJ,"{""18.0"": 1}"
FEDEX OFFICE & PRINT SERVICES INC,Toms River,NJ,"{""18.25"": 1}"
FEDEX OFFICE & PRINT SERVICES INC,Las Vegas,NV,"{""16.5"": 1}"
FEDEX OFFICE & PRINT SERVICES INC,New York,NY,"{""19.5"": 1}"
FEDEX OFFICE & PRINT SERVICES INC,Minco,OK,"{""23.95"": 1}"
FEDEX OFFICE & PRINT SERVICES INC,Austin,TX,"{""36.15"": 1}"
FEDEX OFFICE & PRINT SERVICES INC,Dallas,TX,"{""17.0"": 1}"
FEDEX OFFICE & PRINT SERVICES INC,Fort Worth,TX,"{""17.0"": 1}"
FEDEX OFFICE & PRINT SERVICES INC,League City,TX,"{""21.87"": 1}"
FEDEX OFFICE & PRINT SERVICES INC,Pflugerville,TX,"{""17.5"": 1}"
FEDEX OFFICE & PRINT SERVICES INC,Round Rock,TX,"{""19.0"": 1}"
FEDEX OFFICE & PRINT SERVICES INC,Sugar Land,TX,"{""19.06"": 1}"
FEDEX OFFICE & PRINT SERVICES INC,Alpine,UT,"{""16.75"": 1}"
FEDEX OFFICE & PRINT SERVICES INC,Newport News,VA,"{""16.75"": 1}"
FEDEX OFFICE & PRINT SERVICES INC,Madison,WI,"{""19.02"": 1}"
FIVE BELOW INC,6045 Hoover,AL,"{""11.0"": 1}"
FIVE BELOW INC,Phoenix,AZ,"{""20.5"": 1}"
FIVE BELOW INC,Corona,CA,"{""16.5"": 1}"
FIVE BELOW INC,Vallejo,CA,"{""28.64"": 1}"
FIVE BELOW INC,Aurora,CO,"{""17.29"": 1}"
FIVE BELOW INC,Bartow,FL,"{""17.5"": 1}"
FIVE BELOW INC,Indianapolis,IN,"{""16.5"": 1}"
FIVE BELOW INC,Lake Charles,LA,"{""18.0"": 1}"
FIVE BELOW INC,Baltimore,MD,"{""15.0"": 1}"
FIVE BELOW INC,St Detroit,MI,"{""20.0"": 1}"
FIVE BELOW INC,Las Vegas,NV,"{""13.0"": 1}"
FIVE BELOW INC,Niagara Falls,NY,"{""15.0"": 1}"
FIVE BELOW INC,Elyria,OH,"{""17.0"": 1}"
FIVE BELOW INC,Massillon,OH,"{""16.0"": 1}"
FIVE BELOW INC,Simpsonville,SC,"{""17.0"": 1}"
FIVE BELOW INC,Drummonds,TN,"{""11.0"": 1}"
FIVE BELOW INC,Houston,TX,"{""11.0"": 1}"
FIVE BELOW INC,Longview,TX,"{""11.0"": 1}"
FIVE BELOW INC,New Braunfels,TX,"{""11.0"": 1}"
"FREEDOMROADS, LLC",Zephyrhills,FL,"{""24.0"": 1}"
"FREEDOMROADS, LLC",Bloomingdale,GA,"{""1384.62"": 1}"
"FREEDOMROADS, LLC",Elkhart,IN,"{""20.0"": 1}"
"FREEDOMROADS, LLC",Indianapolis,IN,"{""20.0"": 1}"
"FREEDOMROADS, LLC",Statesville,NC,"{""14.0"": 1}"
"FREEDOMROADS, LLC",Franklin,NH,"{""17.0"": 2}"
"Food Lion, LLC",Reidsville,GA,"{""12.0"": 1}"
"Food Lion, LLC",Burlington,NC,"{""18.6858"": 1}"
"Food Lion, LLC",Charlotte,NC,"{""15.9032"": 1}"
"Food Lion, LLC",Farmville,NC,"{""24.45"": 1}"
"Food Lion, LLC",Fuquay Varina,NC,"{""22.0"": 1}"
"Food Lion, LLC",Greensboro,NC,"{""15.5"": 1}"
"Food Lion, LLC",Reidsville,NC,"{""13.0"": 1}"
"Food Lion, LLC",Spartanburg,SC,"{""22.54"": 1}"
"Food Lion, LLC",Summerville,SC,"{""19.95"": 1}"
"Food Lion, LLC",Danville,VA,"{""16.933"": 1}"
"Food Lion, LLC",Pulaski,VA,"{""16.0"": 1}"
"Food Lion, LLC",Stafford,VA,"{""17.0"": 1}"
"GRIFOLS BIOMAT USA, INC.",Birmingham,AL,"{""18.81"": 1}"
"GRIFOLS BIOMAT USA, INC.",Ocala,FL,"{""22.0"": 1}"
"GRIFOLS BIOMAT USA, INC.",Flint,MI,"{""17.5"": 1}"
"GRIFOLS BIOMAT USA, INC.",Conway,SC,"{""16.0"": 1}"
"GRIFOLS BIOMAT USA, INC.",Johnson City,TN,"{""17.4"": 1}"
"GRIFOLS BIOMAT USA, INC.",College Station,TX,"{""16.0"": 1}"
"GRIFOLS BIOMAT USA, INC.",Pharr,TX,"{""14.38"": 1}"
"GRIFOLS BIOMAT USA, INC.",Bountiful,UT,"{""16.65"": 1}"
"GRIFOLS BIOMAT USA, INC.",Pasco,WA,"{""20.75"": 1}"
General Motors LLC,Burton,MI,"{""36.96"": 1}"
General Motors LLC,Detroit,MI,"{""25.12"": 1, ""27.72"": 1, ""35.88"": 1}"
General Motors LLC,Flint,MI,"{""25.12"": 1}"
General Motors LLC,Grand Ledge,MI,"{""30.5"": 1}"
General Motors LLC,Lansing,MI,"{""32.42"": 1}"
General Motors LLC,Taylor,MI,"{""25.12"": 1}"
General Motors LLC,Toledo,OH,"{""35.88"": 1}"
General Motors LLC,Arlington,TX,"{""36.88"": 1}"
General Motors LLC,Irving,TX,"{""36.96"": 1}"
Greystar Management Services LLC,Phoenix,AZ,"{""24.0"": 1}"
Greystar Management Services LLC,Compton,CA,"{""20.0"": 1}"
Greystar Management Services LLC,Los Angeles,CA,"{""23.0"": 1}"
Greystar Management Services LLC,Jacksonville,FL,"{""24.0"": 1}"
Greystar Management Services LLC,Pompano Beach,FL,"{""25.0"": 1}"
Greystar Management Services LLC,Bahama,NC,"{""19.0"": 1}"
Greystar Management Services LLC,Raleigh,NC,"{""18.0"": 1}"
Greystar Management Services LLC,New Rochelle,NY,"{""55.2885"": 1}"
Greystar Management Services LLC,San Antonio,TX,"{""23.0"": 1, ""23.9894"": 1}"
HRB Green Resources LLC,Long Beach,CA,"{""18.0"": 1}"
HRB Green Resources LLC,Washington,DC,"{""17.0"": 1}"
HRB Green Resources LLC,West Palm Beach,FL,"{""13.0"": 1}"
HRB Green Resources LLC,Atlanta,GA,"{""15.0"": 1}"
HRB Green Resources LLC,Evansville,IN,"{""15.13"": 1}"
HRB Green Resources LLC,Pittsfield,MA,"{""16.0"": 1}"
HRB Green Resources LLC,Auburn Hills,MI,"{""18.0"": 1}"
HRB Green Resources LLC,Kalamazoo,MI,"{""17.0"": 1}"
HRB Green Resources LLC,Corona,NY,"{""19.0"": 1}"
HRB Green Resources LLC,Bloomingdale,OH,"{""16.75"": 1}"
HRB Green Resources LLC,Holloway,OH,"{""11.0"": 1, ""13.0"": 1}"
HRB Green Resources LLC,Boerne,TX,"{""17.5"": 1}"
"JPMorgan Chase Bank, National Association",Reseda,CA,"{""25.2"": 1}"
"JPMorgan Chase Bank, National Association",Dover,DE,"{""25.2"": 1}"
"JPMorgan Chase Bank, National Association",Debary,FL,"{""24.5"": 1}"
"JPMorgan Chase Bank, National Association",Deltona,FL,"{""22.0"": 1}"
"JPMorgan Chase Bank, National Association",Lake Worth Beach,FL,"{""22.36"": 1}"
"JPMorgan Chase Bank, National Association",Miami,FL,"{""25.2"": 1}"
"JPMorgan Chase Bank, National Association",Chicago,IL,"{""23.06"": 1, ""25.2"": 1, ""27.5"": 1}"
"JPMorgan Chase Bank, National Association",Elmwood Park,IL,"{""25.2"": 1}"
"JPMorgan Chase Bank, National Association",Markham,IL,"{""24.94"": 1}"
"JPMorgan Chase Bank, National Association",Palatine,IL,"{""26.15"": 1}"
"JPMorgan Chase Bank, National Association",Clyde,MI,"{""22.1"": 1}"
"JPMorgan Chase Bank, National Association",West Bloomfield,MI,"{""24.28"": 1}"
"JPMorgan Chase Bank, National Association",Union,NJ,"{""28.85"": 1}"
"JPMorgan Chase Bank, National Association",North Las Vegas,NV,"{""22.25"": 1}"
"JPMorgan Chase Bank, National Association",Jamaica,NY,"{""29.4"": 1}"
"JPMorgan Chase Bank, National Association",Medina,OH,"{""22.36"": 1}"
"JPMorgan Chase Bank, National Association",South Solon,OH,"{""22.38"": 1}"
"JPMorgan Chase Bank, National Association",Fort Worth,TX,"{""22.36"": 1}"
"JPMorgan Chase Bank, National Association",Houston,TX,"{""26.49"": 1}"
"JPMorgan Chase Bank, National Association",Mckinney,TX,"{""23.72"": 1}"
"JPMorgan Chase Bank, National Association",San Antonio,TX,"{""21.59"": 1}"
"JPMorgan Chase Bank, National Association",Everett,WA,"{""27.99"": 1}"
"JPMorgan Chase Bank, National Association",Logan,WV,"{""22.36"": 1}"
KINDERCARE EDUCATION LLC,Moreno Valley,CA,"{""18.05"": 1}"
KINDERCARE EDUCATION LLC,Pomona,CA,"{""16.9"": 1}"
KINDERCARE EDUCATION LLC,Sacramento,CA,"{""18.1"": 1}"
KINDERCARE EDUCATION LLC,Denver,CO,"{""17.4"": 1}"
KINDERCARE EDUCATION LLC,Orlando,FL,"{""15.45"": 1}"
KINDERCARE EDUCATION LLC,Chicago,IL,"{""16.65"": 1}"
KINDERCARE EDUCATION LLC,Round Lake,IL,"{""18.0"": 1}"
KINDERCARE EDUCATION LLC,Round Lake Beach,IL,"{""18.5"": 1}"
KINDERCARE EDUCATION LLC,Huntington,IN,"{""13.5"": 1}"
KINDERCARE EDUCATION LLC,Erlanger,KY,"{""15.05"": 1}"
KINDERCARE EDUCATION LLC,Maynard,MA,"{""19.55"": 1}"
KINDERCARE EDUCATION LLC,College Park,MD,"{""36.15"": 1}"
KINDERCARE EDUCATION LLC,Kansas City,MO,"{""16.34"": 1}"
KINDERCARE EDUCATION LLC,Harrisburg,NC,"{""15.95"": 1}"
KINDERCARE EDUCATION LLC,Mount Airy,NC,"{""16.45"": 1}"
KINDERCARE EDUCATION LLC,Wilson,NC,"{""13.5"": 1}"
KINDERCARE EDUCATION LLC,Bloomfield,NJ,"{""18.35"": 1}"
KINDERCARE EDUCATION LLC,8212 W. Galbraith Pointe,OH,"{""14.95"": 1}"
KINDERCARE EDUCATION LLC,Middletown,OH,"{""13.55"": 1}"
KINDERCARE EDUCATION LLC,Beaverton,OR,"{""22.4"": 1}"
KINDERCARE EDUCATION LLC,Nashville,TN,"{""13.55"": 1}"
KINDERCARE EDUCATION LLC,La Porte,TX,"{""15.65"": 1}"
KINDERCARE EDUCATION LLC,Lorton,VA,"{""25.0"": 1}"
KINDERCARE EDUCATION LLC,Norfolk,VA,"{""16.35"": 1}"
KINDERCARE EDUCATION LLC,Milwaukee,WI,"{""17.5"": 1}"
Luxottica of America Inc.,Concord,CA,"{""21.3"": 1}"
Luxottica of America Inc.,Pinon Hills,CA,"{""19.5"": 1}"
Luxottica of America Inc.,Casselberry,FL,"{""15.36"": 1}"
Luxottica of America Inc.,Melbourne,FL,"{""16.0"": 1}"
Luxottica of America Inc.,Orlando,FL,"{""26.0"": 1}"
Luxottica of America Inc.,Hampton,GA,"{""35.0"": 1}"
Luxottica of America Inc.,Holt,MI,"{""27.0"": 1}"
Luxottica of America Inc.,Lake Orion,MI,"{""15.36"": 1}"
Luxottica of America Inc.,Massillon,OH,"{""15.0"": 1}"
Luxottica of America Inc.,Nashville,TN,"{""17.0"": 1}"
Luxottica of America Inc.,Houston,TX,"{""16.28"": 1}"
MAVIS TIRE SUPPLY LLC,Miramar,FL,"{""20.0"": 1}"
MAVIS TIRE SUPPLY LLC,Palm Bay,FL,"{""15.0"": 1}"
MAVIS TIRE SUPPLY LLC,1205 Firestone Drive Albany,GA,"{""17.0"": 1}"
MAVIS TIRE SUPPLY LLC,Acworth,GA,"{""17.0"": 1}"
MAVIS TIRE SUPPLY LLC,Savannah,GA,"{""16.0"": 1}"
MAVIS TIRE SUPPLY LLC,Jackson,MS,"{""16.0"": 1}"
MAVIS TIRE SUPPLY LLC,Clifton,NJ,"{""16.13"": 1}"
MAVIS TIRE SUPPLY LLC,Little Ferry,NJ,"{""17.0"": 2}"
MAVIS TIRE SUPPLY LLC,Plainfield,NJ,"{""16.0"": 1}"
MAVIS TIRE SUPPLY LLC,Port Jeff Sta,NY,"{""17.0"": 1}"
MAVIS TIRE SUPPLY LLC,Carbondale,PA,"{""15.0"": 1}"
MAVIS TIRE SUPPLY LLC,Levittown,PA,"{""17.0"": 1}"
MAVIS TIRE SUPPLY LLC,College Station,TX,"{""13.0"": 1}"
MAVIS TIRE SUPPLY LLC,Dallas,TX,"{""14.0"": 1}"
"MENARD, INC.",Herrin,IL,"{""22.05"": 1}"
"MENARD, INC.",Morris,IL,"{""21.75"": 1}"
"MENARD, INC.",Niles,IL,"{""20.0"": 1}"
"MENARD, INC.",Round Lake,IL,"{""18.1"": 1}"
"MENARD, INC.",Springfield,IL,"{""20.05"": 1}"
"MENARD, INC.",Indianapolis,IN,"{""16.0"": 1}"
"MENARD, INC.",Muncie,IN,"{""17.0"": 1}"
"MENARD, INC.",Holland,MI,"{""16.0"": 1}"
"MENARD, INC.",Smithville,MO,"{""23.85"": 1}"
"MENARD, INC.",Grand Island,NE,"{""16.0"": 1}"
"MENARD, INC.",Bellbrook,OH,"{""21.2"": 1}"
"MENARD, INC.",Ravenna,OH,"{""17.0"": 1}"
"MENARD, INC.",Eau Claire,WI,"{""25.31"": 1}"
"Medline Industries, LP",Tolleson,AZ,"{""20.0"": 1}"
"Medline Industries, LP",1301 Richland Ave,CA,"{""29.09"": 1}"
"Medline Industries, LP",4232 Lombardy Street Chino,CA,"{""22.0"": 1}"
"Medline Industries, LP",Hesperia,CA,"{""23.0"": 1}"
"Medline Industries, LP",3136 Grand,MO,"{""22.5"": 1}"
"Medline Industries, LP",Kansas City,MO,"{""22.5"": 1}"
"Medline Industries, LP",1823 Winget St Gastonia,NC,"{""22.27"": 1}"
"Medline Industries, LP",Hudson Falls,NY,"{""17.0"": 1}"
"Medline Industries, LP",Oklahoman City,OK,"{""19.35"": 1}"
"Medline Industries, LP",3043 Reindeer Run Missouri City,TX,"{""20.25"": 1}"
"Medline Industries, LP",700 N Jj Lemmon,TX,"{""21.89"": 1}"
"Medline Industries, LP",Kenosha,WI,"{""20.5"": 1}"
NATIONAL VISION INC,Decatur,AL,"{""17.2"": 1}"
NATIONAL VISION INC,Hacienda Heights,CA,"{""18.0"": 1}"
NATIONAL VISION INC,Huntington Park,CA,"{""19.5"": 1}"
NATIONAL VISION INC,Johnstown,CO,"{""16.0"": 1}"
NATIONAL VISION INC,Saint Cloud,FL,"{""15.0"": 1}"
NATIONAL VISION INC,Auburn,GA,"{""17.84"": 1}"
NATIONAL VISION INC,Lyons,IL,"{""15.76"": 1}"
NATIONAL VISION INC,Valparaiso,IN,"{""15.5"": 1}"
NATIONAL VISION INC,Columbia,MO,"{""14.0"": 1}"
NATIONAL VISION INC,Temple,TX,"{""14.0"": 1}"
Ochsner Clinic Foundation,10500 Hayne Blvd,LA,"{""17.0569"": 1}"
Ochsner Clinic Foundation,1120 Spanish Town Rd Baton Rouge,LA,"{""16.59"": 1}"
Ochsner Clinic Foundation,1128 Brown Ave Harvey,LA,"{""15.84"": 1}"
Ochsner Clinic Foundation,1400 Lafayette St Hours,LA,"{""24.1"": 1}"
Ochsner Clinic Foundation,204 Sunny Ln Lafayette,LA,"{""12.35"": 1}"
Ochsner Clinic Foundation,207 Trevino St.,LA,"{""15.2315"": 1}"
Ochsner Clinic Foundation,3708 Gus Dr New Iberia,LA,"{""14.67"": 1}"
Ochsner Clinic Foundation,4907 Baker Blvd Baker,LA,"{""16.5"": 1}"
Ochsner Clinic Foundation,5443 Banyan Trace Dr,LA,"{""13.4"": 1}"
Ochsner Clinic Foundation,600 Ryan Street,LA,"{""31.57"": 1}"
Ochsner Clinic Foundation,1121 Katie Beck Dees St Picayune,MS,"{""14.8"": 1}"
"PRIME COMMS RETAIL, LLC",Fresno,CA,"{""16.0"": 1}"
"PRIME COMMS RETAIL, LLC",Hayward,CA,"{""17.0"": 1}"
"PRIME COMMS RETAIL, LLC",San Jose,CA,"{""19.5"": 1}"
"PRIME COMMS RETAIL, LLC",Seaside,CA,"{""19.5"": 1}"
"PRIME COMMS RETAIL, LLC",Colorado Springs,CO,"{""20.81"": 1}"
"PRIME COMMS RETAIL, LLC",Fort Myers,FL,"{""16.0"": 1}"
"PRIME COMMS RETAIL, LLC",Ocala,FL,"{""12.0"": 1}"
"PRIME COMMS RETAIL, LLC",Alton,IL,"{""16.3"": 1, ""18.0"": 1}"
"PRIME COMMS RETAIL, LLC",Wood River,IL,"{""17.0"": 1}"
"PRIME COMMS RETAIL, LLC",Bedford,IN,"{""12.0"": 1}"
"PRIME COMMS RETAIL, LLC",Brazil,IN,"{""12.0"": 1}"
"PRIME COMMS RETAIL, LLC",Monroe,LA,"{""15.0"": 1}"
"PRIME COMMS RETAIL, LLC",Selmer,TN,"{""15.5"": 1}"
"PRIME COMMS RETAIL, LLC",Katy,TX,"{""14.0"": 1}"
"PRIME COMMS RETAIL, LLC",Bellevue,WA,"{""16.49"": 1}"
"Ross Dress For Less, Inc.",Chandler,AZ,"{""14.35"": 1}"
"Ross Dress For Less, Inc.",444 Lucas Avenue,CA,"{""16.7801"": 1}"
"Ross Dress For Less, Inc.",Bakersfield,CA,"{""18.8901"": 1}"
"Ross Dress For Less, Inc.",Fort Lauderdale,FL,"{""12.0"": 1}"
"Ross Dress For Less, Inc.",Homestead,FL,"{""12.0"": 1, ""13.0"": 1}"
"Ross Dress For Less, Inc.",Palm Beach Gardens,FL,"{""14.5002"": 1}"
"Ross Dress For Less, Inc.",Sanford,FL,"{""13.0"": 1}"
"Ross Dress For Less, Inc.",Charleston,SC,"{""15.5"": 1}"
"Ross Dress For Less, Inc.",Hartsville,SC,"{""16.5"": 1}"
"Ross Dress For Less, Inc.",Beaumont,TX,"{""14.25"": 1}"
"Ross Dress For Less, Inc.",El Paso,TX,"{""13.35"": 1}"
"Ross Dress For Less, Inc.",Fort Worth,TX,"{""11.5"": 1}"
"Ross Dress For Less, Inc.",Houston,TX,"{""11.0"": 1}"
"Ross Dress For Less, Inc.",Katy,TX,"{""36.4755"": 1}"
"Ross Dress For Less, Inc.",San Antonio,TX,"{""11.0"": 1}"
"Ross Dress For Less, Inc.",Seattle,WA,"{""23.0"": 1}"
"Securitas Security Services USA, Inc",Joliet,IL,"{""18.0"": 1}"
"Securitas Security Services USA, Inc",Lynn,MA,"{""18.0"": 1}"
"Securitas Security Services USA, Inc",Bowie,MD,"{""18.5"": 1}"
"Securitas Security Services USA, Inc",Temple Hills,MD,"{""16.01"": 1}"
"Securitas Security Services USA, Inc",Morrisville,NC,"{""20.0"": 1}"
"Securitas Security Services USA, Inc",Dayton,OH,"{""17.0"": 1}"
"Securitas Security Services USA, Inc",Sterling,VA,"{""21.0"": 1}"
"Securitas Security Services USA, Inc",Auburn,WA,"{""24.0"": 1}"
Starbucks Corporation,Camp Verde,AZ,"{""22.23"": 1}"
Starbucks Corporation,2650 N Grantland Ave Fresno,CA,"{""25.72"": 1}"
Starbucks Corporation,Fontana,CA,"{""21.26"": 1}"
Starbucks Corporation,Irvine,CA,"{""25.72"": 1}"
Starbucks Corporation,Long Beach,CA,"{""27.27"": 1}"
Starbucks Corporation,Los Angeles,CA,"{""20.25"": 1}"
Starbucks Corporation,Mission Viejo,CA,"{""27.01"": 1}"
Starbucks Corporation,Sylmar,CA,"{""21.26"": 1}"
Starbucks Corporation,Tulare,CA,"{""25.56"": 1}"
Starbucks Corporation,Belleview,FL,"{""16.5"": 1}"
Starbucks Corporation,Davie,FL,"{""20.93"": 1}"
Starbucks Corporation,Lauderhill,FL,"{""20.6"": 1}"
Starbucks Corporation,Miami,FL,"{""18.43"": 1, ""21.34"": 1}"
Starbucks Corporation,Chicago,IL,"{""17.25"": 1, ""23.01"": 1, ""24.65"": 1, ""24.94"": 1}"
Starbucks Corporation,Oswego,IL,"{""20.0"": 1}"
Starbucks Corporation,Danville,IN,"{""19.62"": 1}"
Starbucks Corporation,Indianapolis,IN,"{""15.25"": 1}"
Starbucks Corporation,Indianpolis,IN,"{""19.37"": 1}"
Starbucks Corporation,Metairie,LA,"{""15.25"": 1}"
Starbucks Corporation,New Orleans,LA,"{""16.75"": 1}"
Starbucks Corporation,Baltimore,MD,"{""20.0"": 1}"
Starbucks Corporation,Glen Burnie,MD,"{""15.75"": 1}"
Starbucks Corporation,Laurel Hill,NC,"{""20.4"": 1}"
Starbucks Corporation,Waynesville,NC,"{""16.0"": 1}"
Starbucks Corporation,North Bergen,NJ,"{""17.0"": 1}"
Starbucks Corporation,Bronx,NY,"{""30.05"": 1}"
Starbucks Corporation,Pearl River,NY,"{""17.59"": 1}"
Starbucks Corporation,Columbus,OH,"{""15.75"": 1, ""21.63"": 1}"
Starbucks Corporation,Gahanna,OH,"{""21.0"": 1}"
Starbucks Corporation,Warsaw,OH,"{""20.0"": 1}"
Starbucks Corporation,Tulsa,OK,"{""15.25"": 1}"
Starbucks Corporation,North Kingstown,RI,"{""15.75"": 1}"
Starbucks Corporation,Central,SC,"{""15.25"": 1}"
Starbucks Corporation,Columbia,SC,"{""19.37"": 1}"
Starbucks Corporation,Knoxville,TN,"{""15.56"": 1}"
Starbucks Corporation,Nashville,TN,"{""23.08"": 1}"
Starbucks Corporation,Corsicana,TX,"{""15.25"": 1}"
Starbucks Corporation,Giddings,TX,"{""15.25"": 1}"
Starbucks Corporation,Irving,TX,"{""15.91"": 1}"
Starbucks Corporation,Texarkana,TX,"{""23.11"": 1}"
Starbucks Corporation,Chantilly,VA,"{""21.7"": 1}"
Starbucks Corporation,Richmond,VA,"{""35.48"": 1}"
Starbucks Corporation,Milwaukee,WI,"{""17.04"": 1}"
"T-Mobile USA, Inc.",11620 Taylor Rd Thonotosassa,FL,"{""20.0"": 1}"
"T-Mobile USA, Inc.",266 Enos Ave Lake Placid,FL,"{""16.5"": 1}"
"T-Mobile USA, Inc.",1673 Plantation Cir Lincolton,GA,"{""30.0119"": 1}"
"T-Mobile USA, Inc.",1717 Geary St Waycross,GA,"{""16.5"": 1}"
"T-Mobile USA, Inc.",521 Sebastian Dr Grovetown,GA,"{""16.5"": 1}"
"T-Mobile USA, Inc.",10223 Cherry Lane,"ID","{""20.6"": 1}"
"T-Mobile USA, Inc.",1167 S Lombard Ave Evansville,IN,"{""16.5"": 1}"
"T-Mobile USA, Inc.",3321 West 32Nd Street D Indianapolis,IN,"{""16.0"": 1}"
"T-Mobile USA, Inc.",6842 Magoun Ave Hammond,IN,"{""18.0"": 1}"
"T-Mobile USA, Inc.",4305 Midtown Square,MD,"{""24.84"": 1}"
"T-Mobile USA, Inc.",29130 Heritage Ct Southfield,MI,"{""18.0"": 1}"
"T-Mobile USA, Inc.",3440 S Delaware Ave,MO,"{""25.24"": 1}"
"T-Mobile USA, Inc.",Springfield,MO,"{""20.0"": 1}"
"T-Mobile USA, Inc.",1937 Pavilion Dr Whitsett,NC,"{""16.5"": 1}"
"T-Mobile USA, Inc.",3725 S 74Th St,NE,"{""16.5"": 1}"
"T-Mobile USA, Inc.",330 Elmwood Terrace Rochester,NY,"{""20.0"": 1}"
"T-Mobile USA, Inc.",4275 Bailey Ave Amherst,NY,"{""16.5"": 1}"
"T-Mobile USA, Inc.",441 S Main St,NY,"{""16.5"": 1}"
"T-Mobile USA, Inc.",636 West 136Th Street New York,NY,"{""20.0"": 1}"
"T-Mobile USA, Inc.",Seward Ave,NY,"{""20.0"": 1}"
"T-Mobile USA, Inc.",1160 Mccarley Drive West Columbus,OH,"{""22.19"": 1}"
"T-Mobile USA, Inc.",134 E 5Th Pl Mounds,OK,"{""16.5"": 1}"
"T-Mobile USA, Inc.",2915 SW 24Th Ct Redmond,OR,"{""16.5"": 1}"
"T-Mobile USA, Inc.",131 Constitution Ave Jessup,PA,"{""24.1947"": 1}"
"T-Mobile USA, Inc.",21775 Vista Drive Sugartown,PA,"{""23.74"": 1}"
"T-Mobile USA, Inc.",1630 Oldmill Road Campobello,SC,"{""16.5"": 1}"
"T-Mobile USA, Inc.",1004 Sage Dr Galena Park,TX,"{""16.5"": 1}"
"T-Mobile USA, Inc.",12904 Elam Rd,TX,"{""16.5"": 1}"
"T-Mobile USA, Inc.",1847 Babcock Road 2002 San Antonio,TX,"{""16.5"": 1}"
"T-Mobile USA, Inc.",20614 Stone Oak Pkwy,TX,"{""16.5"": 1}"
"T-Mobile USA, Inc.",3435 Fredericksburg Rd 802 San Antonio,TX,"{""16.5"": 1}"
"T-Mobile USA, Inc.",3500 Hillridge Dr 219A Plano,TX,"{""16.5"": 1}"
"T-Mobile USA, Inc.",3515 Arista Blvd,TX,"{""16.5"": 1}"
"T-Mobile USA, Inc.",6431 Cibolo Springs Converse,TX,"{""16.5"": 1}"
"T-Mobile USA, Inc.",8803 Byron Ln Houston,TX,"{""16.0"": 1}"
"T-Mobile USA, Inc.",2616 Fort Farnsworth Rd 246 2C Alexandria,VA,"{""18.0"": 1}"
"T-Mobile USA, Inc.",4732 La Fitte Ct Alexandria,VA,"{""18.0"": 1}"
"T-Mobile USA, Inc.",600 Greystone Court Fredericksburg,VA,"{""18.0"": 1}"
"T-Mobile USA, Inc.",123 Encrypted Street Bellevue,WA,"{""20.0"": 1}"
"T-Mobile USA, Inc.",5646 S 150Th Pl Tukwila,WA,"{""29.5"": 1}"
"TEKsystems, Inc.",Gilbert,AZ,"{""31.0"": 1}"
"TEKsystems, Inc.",Mesa,AZ,"{""19.25"": 1}"
"TEKsystems, Inc.",Tampa,AZ,"{""21.0"": 1}"
"TEKsystems, Inc.",Tolleson,AZ,"{""19.25"": 1}"
"TEKsystems, Inc.",Upland,CA,"{""20.0"": 1}"
"TEKsystems, Inc.",Daytona Beach,FL,"{""17.0"": 1}"
"TEKsystems, Inc.",Greensboro,NC,"{""21.0"": 1}"
"TEKsystems, Inc.",Bethlehem,PA,"{""16.5"": 1}"
"TEKsystems, Inc.",Memphis,TN,"{""17.5"": 1, ""21.0"": 1}"
"TEKsystems, Inc.",Dallas,TX,"{""40.0"": 1}"
"TEKsystems, Inc.",El Paso,TX,"{""18.0"": 1}"
"ULTA SALON, COSMETICS & FRAGRANCE INC.",San Pablo,CA,"{""23.5"": 1}"
"ULTA SALON, COSMETICS & FRAGRANCE INC.",Deltona,FL,"{""28.25"": 1}"
"ULTA SALON, COSMETICS & FRAGRANCE INC.",Lady Lake,FL,"{""29.41"": 1}"
"ULTA SALON, COSMETICS & FRAGRANCE INC.",Cicero,IL,"{""15.5"": 1}"
"ULTA SALON, COSMETICS & FRAGRANCE INC.",Canton,MI,"{""27.0"": 1}"
"ULTA SALON, COSMETICS & FRAGRANCE INC.",St. Paul,MN,"{""19.95"": 1}"
"ULTA SALON, COSMETICS & FRAGRANCE INC.",North Brunswick,NJ,"{""16.0"": 1}"
"ULTA SALON, COSMETICS & FRAGRANCE INC.",New York,NY,"{""27.45"": 1}"
"ULTA SALON, COSMETICS & FRAGRANCE INC.",Springfield Gardens,NY,"{""21.63"": 1}"
"ULTA SALON, COSMETICS & FRAGRANCE INC.",Salem,OR,"{""21.5"": 1}"
"ULTA SALON, COSMETICS & FRAGRANCE INC.",Johnson City,TN,"{""14.5"": 1}"
"ULTA SALON, COSMETICS & FRAGRANCE INC.",Knoxville,TN,"{""27.32"": 1}"
"ULTA SALON, COSMETICS & FRAGRANCE INC.",Houston,TX,"{""27.0"": 1}"
"ULTA SALON, COSMETICS & FRAGRANCE INC.",Laredo,TX,"{""15.0"": 1}"
"UNITED PARCEL SERVICE, INC.",Maricopa,AZ,"{""26.0"": 1}"
"UNITED PARCEL SERVICE, INC.",Fairfield,CA,"{""30.99"": 2}"
"UNITED PARCEL SERVICE, INC.",Turlock,CA,"{""21.0"": 1}"
"UNITED PARCEL SERVICE, INC.",Miami Gardens,FL,"{""26.0"": 1}"
"UNITED PARCEL SERVICE, INC.",Winter Haven,FL,"{""21.0"": 1}"
"UNITED PARCEL SERVICE, INC.",Lithia Springs,GA,"{""22.25"": 1}"
"UNITED PARCEL SERVICE, INC.",Joliet,IL,"{""44.805"": 1}"
"UNITED PARCEL SERVICE, INC.",Detroit,MI,"{""21.0"": 1}"
"UNITED PARCEL SERVICE, INC.",Brick,NJ,"{""45.33"": 1}"
"UNITED PARCEL SERVICE, INC.",Matawan,NJ,"{""21.0"": 1}"
"UNITED PARCEL SERVICE, INC.",Bronx,NY,"{""24.55"": 1}"
"UNITED PARCEL SERVICE, INC.",Walbridge,OH,"{""38.69"": 1}"
"UNITED PARCEL SERVICE, INC.",Houston,TX,"{""21.75"": 1}"
"UNITED PARCEL SERVICE, INC.",San Antonio,TX,"{""21.0"": 1}"
Universal City Development Partners,2939 Woolridge Drive Orlando,FL,"{""20.97"": 1}"
Universal City Development Partners,Bartow,FL,"{""32.5"": 1, ""35.0"": 1}"
Universal City Development Partners,Fern Park,FL,"{""17.72"": 1}"
Universal City Development Partners,Kissimmee,FL,"{""18.5"": 1}"
Universal City Development Partners,Kissimmee Osceola,FL,"{""19.87"": 1, ""20.37"": 1}"
Universal City Development Partners,Minneola,FL,"{""19.34"": 1}"
Universal City Development Partners,Orlando,FL,"{""17.43"": 1, ""18.53"": 1, ""18.83"": 1, ""19.47"": 1, ""21.89"": 1}"
Universal City Development Partners,Winter Garden,FL,"{""23.68"": 1, ""25.5"": 1}"
Universal City Development Partners,Winter Park,FL,"{""23.01"": 1}"
Universal City Development Partners,Winter Springs,FL,"{""19.0"": 1}"
"Universal Protection Service, LLC",Homestead,FL,"{""19.19"": 1}"
"Universal Protection Service, LLC",Port Richey,FL,"{""17.17"": 1}"
"Universal Protection Service, LLC",Sun City Center,FL,"{""15.0"": 1, ""19.0"": 1}"
"Universal Protection Service, LLC",Atlanta,GA,"{""11.5"": 1, ""15.0"": 2}"
"Universal Protection Service, LLC",Decatur,GA,"{""18.54"": 1}"
"Universal Protection Service, LLC",Chicago,IL,"{""20.8"": 1, ""21.01"": 1, ""21.3"": 1}"
"Universal Protection Service, LLC",Chicago Heights,IL,"{""16.0"": 1}"
"Universal Protection Service, LLC",Charlotte,NC,"{""23.0"": 1}"
"Universal Protection Service, LLC",East Orange,NJ,"{""18.0"": 1, ""18.11"": 1, ""22.0"": 1}"
"Universal Protection Service, LLC",Orange,NJ,"{""27.0"": 1}"
"Universal Protection Service, LLC",Reno,NV,"{""22.0"": 1}"
"Universal Protection Service, LLC",Amityville,NY,"{""22.21"": 1}"
"Universal Protection Service, LLC",Bronx,NY,"{""17.17"": 1, ""24.33"": 1, ""25.0"": 1}"
"Universal Protection Service, LLC",Lindenhurst,NY,"{""22.12"": 1, ""22.62"": 1}"
"Universal Protection Service, LLC",Philadelphia,PA,"{""17.25"": 1}"
"Universal Protection Service, LLC",Antioch,TN,"{""16.5"": 1}"
"Universal Protection Service, LLC",Ashburn,VA,"{""19.29"": 1}"
"Universal Protection Service, LLC",Dumfries,VA,"{""25.0"": 1}"
"Universal Protection Service, LLC",Milwaukee,WI,"{""19.0"": 1, ""21.0"": 1}"
"Universal Protection Service, LP",Tucson,AZ,"{""16.5"": 1}"
"Universal Protection Service, LP",Antioch,CA,"{""27.0"": 1}"
"Universal Protection Service, LP",Costa Mesa,CA,"{""21.0"": 1}"
"Universal Protection Service, LP",Eureka,CA,"{""20.0"": 1}"
"Universal Protection Service, LP",Los Angeles,CA,"{""18.35"": 1}"
"Universal Protection Service, LP",Palm Springs,CA,"{""20.0"": 1}"
"Universal Protection Service, LP",Sacramento,CA,"{""23.0"": 1}"
"Universal Protection Service, LP",San Jose,CA,"{""24.1"": 1}"
"Universal Protection Service, LP",Tujunga,CA,"{""18.0"": 1}"
"Universal Protection Service, LP",Vallejo,CA,"{""16.0"": 1}"
"Universal Protection Service, LP",Denver,CO,"{""21.5"": 1}"
"Universal Protection Service, LP",Portland,OR,"{""24.0"": 1}"
"Universal Protection Service, LP",Bedford,TX,"{""18.0"": 1}"
"Universal Protection Service, LP",Dallas,TX,"{""19.56"": 1}"
"Universal Protection Service, LP",El Paso,TX,"{""13.0"": 1}"
"Universal Protection Service, LP",Lewisville,TX,"{""19.2"": 1}"
"Universal Protection Service, LP",Van Vleck,TX,"{""19.5"": 1}"
University of California,Anaheim,CA,"{""28.88"": 1}"
University of California,Elk Grove,CA,"{""30.82"": 1, ""31.55"": 1}"
University of California,Fontana,CA,"{""25.43"": 1}"
University of California,Long Beach,CA,"{""30.07"": 1}"
University of California,Los Angeles,CA,"{""26.79"": 1}"
University of California,Riverside,CA,"{""21.09"": 1}"
University of California,Sacramento,CA,"{""70.436782"": 1, ""83.36"": 1}"
University of California,San Pablo,CA,"{""26.84"": 1}"
University of California,Santa Ana,CA,"{""30.98"": 1}"
University of California,South San Francisco,CA,"{""41.91"": 1}"
University of California,Winters,CA,"{""29.83"": 1}"
"Wal-Mart Associates, Inc.",5901 E 6Th Ave Spc 195 Anchorage,AK,"{""16.0"": 1}"
"Wal-Mart Associates, Inc.",Clanton,AL,"{""14.28"": 2}"
"Wal-Mart Associates, Inc.",2413 W C Street Russellville,AR,"{""15.5"": 1}"
"Wal-Mart Associates, Inc.",Bella Vista,AR,"{""14.0"": 1}"
"Wal-Mart Associates, Inc.",Mesa,AZ,"{""22.0"": 1}"
"Wal-Mart Associates, Inc.",2790 Stonybrook Ave Merced,CA,"{""22.0"": 1}"
"Wal-Mart Associates, Inc.",Canyon Country,CA,"{""17.0"": 1}"
"Wal-Mart Associates, Inc.",Covina,CA,"{""17.0"": 1}"
"Wal-Mart Associates, Inc.",Orangevale,CA,"{""17.0"": 1}"
"Wal-Mart Associates, Inc.",Roseville,CA,"{""18.5"": 1}"
"Wal-Mart Associates, Inc.",Westminster,CA,"{""17.0"": 1}"
"Wal-Mart Associates, Inc.",Middletown,DE,"{""24.95"": 1}"
"Wal-Mart Associates, Inc.",1399 South Belcher Rd. Lot Largo,FL,"{""14.0"": 1}"
"Wal-Mart Associates, Inc.",8035 Waxwing Avenue Jacksonville,FL,"{""26.8"": 1}"
"Wal-Mart Associates, Inc.",Englewood,FL,"{""15.0"": 1}"
"Wal-Mart Associates, Inc.",Hollywood,FL,"{""15.5"": 1}"
"Wal-Mart Associates, Inc.",Homestead,FL,"{""17.34"": 1}"
"Wal-Mart Associates, Inc.",Lauderhill,FL,"{""17.0"": 1}"
"Wal-Mart Associates, Inc.",Mulberry,FL,"{""14.57"": 1}"
"Wal-Mart Associates, Inc.",Plant City,FL,"{""18.54"": 1}"
"Wal-Mart Associates, Inc.",5874 Highway S Dawsonville,GA,"{""15.5"": 1}"
"Wal-Mart Associates, Inc.",Austell,GA,"{""15.0"": 1}"
"Wal-Mart Associates, Inc.",Covington,GA,"{""15.0"": 1}"
"Wal-Mart Associates, Inc.",Millen,GA,"{""14.41"": 1}"
"Wal-Mart Associates, Inc.",Boise,"ID","{""20.5"": 1}"
"Wal-Mart Associates, Inc.",1314 Monomoy St. 3 Aurora,IL,"{""16.0"": 1}"
"Wal-Mart Associates, Inc.",5334 W Madison Chicago,IL,"{""17.0"": 1}"
"Wal-Mart Associates, Inc.",Chicago,IL,"{""16.0"": 1}"
"Wal-Mart Associates, Inc.",Manteno,IL,"{""21.63"": 1}"
"Wal-Mart Associates, Inc.",Metropolis,IL,"{""14.0"": 1}"
"Wal-Mart Associates, Inc.",Paris,IL,"{""15.0"": 1}"
"Wal-Mart Associates, Inc.",Zion,IL,"{""18.0"": 1}"
"Wal-Mart Associates, Inc.",3535 Woodside Drive Lot 5 Madison,IN,"{""15.0"": 1}"
"Wal-Mart Associates, Inc.",Indianapolis,IN,"{""14.0"": 1}"
"Wal-Mart Associates, Inc.",Poydras,LA,"{""14.0"": 1}"
"Wal-Mart Associates, Inc.",Baltimore,MD,"{""18.84"": 1}"
"Wal-Mart Associates, Inc.",Cockeysville,MD,"{""17.0"": 1}"
"Wal-Mart Associates, Inc.",Hagerstown,MD,"{""23.0"": 1}"
"Wal-Mart Associates, Inc.",Canaan,ME,"{""15.0"": 1}"
"Wal-Mart Associates, Inc.",Freeport,ME,"{""21.0"": 1}"
"Wal-Mart Associates, Inc.",Canton,MI,"{""17.51"": 1}"
"Wal-Mart Associates, Inc.",Flint,MI,"{""17.69"": 1}"
"Wal-Mart Associates, Inc.",Ypsilanti,MI,"{""18.54"": 1}"
"Wal-Mart Associates, Inc.",Farmington,MN,"{""19.0"": 1}"
"Wal-Mart Associates, Inc.",11151 Westport Station Dr A Maryland Heights,MO,"{""20.64"": 1}"
"Wal-Mart Associates, Inc.",1349 Sharondale Circle,MO,"{""24.0"": 1}"
"Wal-Mart Associates, Inc.",Republic,MO,"{""15.5"": 1}"
"Wal-Mart Associates, Inc.",Springfield,MO,"{""15.0"": 1}"
"Wal-Mart Associates, Inc.",1413 Riverside Dr Gautier,MS,"{""17.2"": 1}"
"Wal-Mart Associates, Inc.",1502 Sherwood Drive,NC,"{""19.67"": 1}"
"Wal-Mart Associates, Inc.",5345 Rolling Oak Ln Charlotte,NC,"{""15.61"": 1}"
"Wal-Mart Associates, Inc.",Winston Salem,NC,"{""23.11"": 1}"
"Wal-Mart Associates, Inc.",Lincoln,ND,"{""17.5"": 1}"
"Wal-Mart Associates, Inc.",Jersey City,NJ,"{""20.23"": 1}"
"Wal-Mart Associates, Inc.",Las Vegas,NV,"{""16.0"": 1}"
"Wal-Mart Associates, Inc.",947 Evangeline Rd Cleveland,OH,"{""15.0"": 1}"
"Wal-Mart Associates, Inc.",Delta,OH,"{""18.2"": 1}"
"Wal-Mart Associates, Inc.",Lake Oswego,OR,"{""17.0"": 1}"
"Wal-Mart Associates, Inc.",Conneautville,PA,"{""19.0"": 1}"
"Wal-Mart Associates, Inc.",Easton,PA,"{""19.84"": 1}"
"Wal-Mart Associates, Inc.",Mechanicsburg,PA,"{""27.0"": 1}"
"Wal-Mart Associates, Inc.",114 Baltimore Cir Darlington,SC,"{""14.0"": 1}"
"Wal-Mart Associates, Inc.",Greenville,SC,"{""15.3"": 1}"
"Wal-Mart Associates, Inc.",2400 Oakhill Rd,TX,"{""17.0"": 1}"
"Wal-Mart Associates, Inc.",Baytown,TX,"{""16.8"": 1}"
"Wal-Mart Associates, Inc.",Houston,TX,"{""14.0"": 1, ""18.72"": 1}"
"Wal-Mart Associates, Inc.",Midland,TX,"{""19.0"": 1}"
"Wal-Mart Associates, Inc.",San Antonio,TX,"{""14.0"": 1}"
"Wal-Mart Associates, Inc.",Waco,TX,"{""14.0"": 1}"
"Wal-Mart Associates, Inc.",Ogden,UT,"{""23.7"": 1}"
"Wal-Mart Associates, Inc.",500 Perrymont Avenue Lynchburg,VA,"{""14.0"": 1}"
"Wal-Mart Associates, Inc.",Fries,VA,"{""19.54"": 1}"
"Wal-Mart Associates, Inc.",Front Royal,VA,"{""14.0"": 1}"
"Wal-Mart Associates, Inc.",Leesburg,VA,"{""16.0"": 1}"
"Wal-Mart Associates, Inc.",Tacoma,WA,"{""20.0"": 1}"
"Wal-Mart Associates, Inc.",La Crosse,WI,"{""15.8"": 1}"
"Wal-Mart Associates, Inc.",Martinsburg,WV,"{""14.28"": 1}"
"Wells Fargo Bank, N. A.",34051 El Encanto Ave,CA,"{""25.0"": 1}"
"Wells Fargo Bank, N. A.",411 E 118Th St Los Angeles,CA,"{""20.8"": 1}"
"Wells Fargo Bank, N. A.",456 S. Clarence St.,CA,"{""22.0"": 1}"
"Wells Fargo Bank, N. A.",2001 Powers Ferry Rd,GA,"{""21.0"": 1}"
"Wells Fargo Bank, N. A.",475 Pool Rd Hiram,GA,"{""23.8"": 1}"
"Wells Fargo Bank, N. A.",9350 Collegeview Rd,MN,"{""22.2"": 1}"
"Wells Fargo Bank, N. A.",3110 Edge Point Drive,NC,"{""22.0"": 1}"
"Wells Fargo Bank, N. A.",5055 South Forte Apache Rd Las Vegas,NV,"{""22.0"": 1}"
"Wells Fargo Bank, N. A.",2211 Corbin Way Cedar Park,TX,"{""22.75"": 1}"
"Wells Fargo Bank, N. A.",2301 W White Ave,TX,"{""22.0"": 1}"
"Wells Fargo Bank, N. A.",5156 Timber Springs Schartz,TX,"{""21.0"": 1}"
"Whole Foods Market Group, Inc.",Birmingham,AL,"{""18.5"": 1}"
"Whole Foods Market Group, Inc.",Washington,DC,"{""16.0"": 1, ""18.0"": 1}"
"Whole Foods Market Group, Inc.",Fort Lauderdale,FL,"{""24.38"": 1}"
"Whole Foods Market Group, Inc.",Miami,FL,"{""16.0"": 1}"
"Whole Foods Market Group, Inc.",Plantation,FL,"{""24.0"": 1}"
"Whole Foods Market Group, Inc.",Boston,MA,"{""18.3"": 1}"
"Whole Foods Market Group, Inc.",Ypsilanti,MI,"{""17.91"": 1}"
"Whole Foods Market Group, Inc.",Charlotte,NC,"{""15.5"": 1}"
"Whole Foods Market Group, Inc.",Brooklyn,NY,"{""31.61"": 1}"
"Whole Foods Market Group, Inc.",East Elmhurst,NY,"{""18.0"": 1}"
"Whole Foods Market Group, Inc.",New York,NY,"{""18.0"": 1, ""28.72"": 1}"
"Whole Foods Market Group, Inc.",Woodside,NY,"{""18.03"": 1}"
"Whole Foods Market Group, Inc.",Johns Island,SC,"{""18.36"": 1}"